City_ID,City,Country,Date,Lat,Lng,Max Temp,Humidity,Cloudiness,Wind Speed
0,Marawi,PH,2022-08-16 23:21:12,7.9986,124.2928,71.44,89,99,2.21
1,Qaqortoq,GL,2022-08-16 23:21:12,60.7167,-46.0333,42.49,86,97,18.5
2,Albany,US,2022-08-16 23:19:54,42.6001,-73.9662,79.21,50,100,4.16
3,Tuktoyaktuk,CA,2022-08-16 23:21:13,69.4541,-133.0374,51.8,93,75,10.36
4,Punta Arenas,CL,2022-08-16 23:21:13,-53.15,-70.9167,35.71,80,0,12.66
5,Rikitea,PF,2022-08-16 23:21:14,-23.1203,-134.9692,73.8,71,6,18.05
6,Hit,IQ,2022-08-16 23:21:14,33.6416,42.8251,88.34,20,0,15.64
7,Hermanus,ZA,2022-08-16 23:21:14,-34.4187,19.2345,54.73,76,52,11.52
8,Faanui,PF,2022-08-16 23:21:15,-16.4833,-151.75,73.24,81,100,14.29
9,Luderitz,NA,2022-08-16 23:21:15,-26.6481,15.1594,55.17,75,1,6.96
10,Bluff,NZ,2022-08-16 23:21:16,-46.6,168.3333,50.38,91,71,2.86
11,Lagoa,PT,2022-08-16 23:21:16,39.05,-27.9833,70.32,65,51,13.67
12,Ypsonas,CY,2022-08-16 23:21:16,34.6884,32.9574,74.37,78,0,3.44
13,Busselton,AU,2022-08-16 23:21:17,-33.65,115.3333,52.27,76,100,18.7
14,Nikolskoye,RU,2022-08-16 23:21:17,59.7035,30.7861,67.91,75,36,5.41
15,Vaini,TO,2022-08-16 23:21:18,-21.2,-175.2,77.16,78,40,13.8
16,Ushuaia,AR,2022-08-16 23:20:53,-54.8,-68.3,37.06,81,40,4.61
17,Adrar,MR,2022-08-16 23:21:18,20.5022,-10.0711,98.38,21,52,15.7
18,Cape Town,ZA,2022-08-16 23:21:19,-33.9258,18.4232,55.27,86,75,14.97
19,Yellowknife,CA,2022-08-16 23:21:19,62.456,-114.3525,81.12,39,75,6.91
20,Lavrentiya,RU,2022-08-16 23:21:19,65.5833,-171.0,40.84,69,98,13.02
21,Herat,AF,2022-08-16 23:21:20,34.5,62.0,76.64,22,0,29.55
22,Khatanga,RU,2022-08-16 23:21:20,71.9667,102.5,45.84,85,56,12.84
23,Saint-Francois,FR,2022-08-16 23:21:21,46.4154,3.9054,63.84,94,100,9.22
24,Arraial Do Cabo,BR,2022-08-16 23:21:21,-22.9661,-42.0278,73.36,73,0,14.97
25,Iqaluit,CA,2022-08-16 23:21:21,63.7506,-68.5145,46.13,75,75,4.61
26,Norman Wells,CA,2022-08-16 23:21:22,65.282,-126.8329,73.44,43,20,6.91
27,Inuvik,CA,2022-08-16 23:21:22,68.3499,-133.7218,65.16,63,40,5.75
28,Georgetown,MY,2022-08-16 23:19:27,5.4112,100.3354,79.9,90,20,3.44
29,Bredasdorp,ZA,2022-08-16 23:21:23,-34.5322,20.0403,48.52,88,24,6.13
30,Tiksi,RU,2022-08-16 23:21:23,71.6872,128.8694,46.63,82,19,7.09
31,Avarua,CK,2022-08-16 23:21:23,-21.2078,-159.775,69.85,68,75,12.66
32,Sorong,ID,2022-08-16 23:21:24,-0.8833,131.25,76.75,87,70,7.83
33,La Rioja,ES,2022-08-16 23:21:24,42.25,-2.5,56.98,70,69,3.33
34,Hobart,AU,2022-08-16 23:20:07,-42.8794,147.3294,48.25,94,75,8.05
35,Kapaa,US,2022-08-16 23:21:25,22.0752,-159.319,84.18,69,0,11.5
36,Kenai,US,2022-08-16 23:21:25,60.5544,-151.2583,57.29,91,100,17.27
37,Port Hedland,AU,2022-08-16 23:21:25,-20.3167,118.5667,68.05,100,7,5.75
38,Oregon City,US,2022-08-16 23:21:26,45.3573,-122.6068,93.51,34,0,6.91
39,Igarka,RU,2022-08-16 23:21:26,67.4667,86.5833,51.94,93,99,6.93
40,Kodiak,US,2022-08-16 23:21:27,57.79,-152.4072,54.91,88,100,17.27
41,Barrow,US,2022-08-16 23:21:27,71.2906,-156.7887,35.62,93,100,11.5
42,Phu Ly,VN,2022-08-16 23:21:27,20.5411,105.9139,79.0,93,99,0.76
43,Kantunilkin,MX,2022-08-16 23:21:28,21.0917,-87.45,90.7,41,12,7.9
44,Saldanha,ZA,2022-08-16 23:21:28,-33.0117,17.9442,53.65,87,100,20.07
45,Djibo,BF,2022-08-16 23:21:29,14.1022,-1.6306,77.52,79,98,9.24
46,Ilulissat,GL,2022-08-16 23:21:29,69.2167,-51.1,44.62,81,75,3.44
47,Maniitsoq,GL,2022-08-16 23:22:30,65.4167,-52.9,41.68,90,87,8.88
48,Mahebourg,MU,2022-08-16 23:22:31,-20.4081,57.7,68.25,94,40,4.61
49,Road Town,VG,2022-08-16 23:22:32,18.4167,-64.6167,84.29,79,20,4.61
50,Yulara,AU,2022-08-16 23:22:33,-25.2406,130.9889,57.47,26,4,4.32
51,Sao Filipe,CV,2022-08-16 23:22:33,14.8961,-24.4956,78.49,82,24,11.48
52,Rocha,UY,2022-08-16 23:20:27,-34.4833,-54.3333,51.3,63,35,7.99
53,Cayenne,GF,2022-08-16 23:22:34,4.9333,-52.3333,77.04,88,20,0.0
54,Mango,US,2022-08-16 23:22:34,27.9797,-82.3065,88.9,77,75,6.91
55,Panikihan,PH,2022-08-16 23:22:35,13.9028,122.1347,79.97,82,100,3.53
56,Turbat,PK,2022-08-16 23:22:35,26.0023,63.044,85.44,71,100,3.8
57,New Norfolk,AU,2022-08-16 23:22:35,-42.7826,147.0587,47.91,89,91,3.47
58,Tura,IN,2022-08-16 23:22:36,25.5198,90.2201,76.05,79,79,3.29
59,Port Alfred,ZA,2022-08-16 23:22:36,-33.5906,26.891,59.95,59,92,6.51
60,Margate,GB,2022-08-16 23:22:37,51.3813,1.3862,68.31,93,62,1.01
61,Kaitangata,NZ,2022-08-16 23:22:38,-46.2817,169.8464,51.53,91,97,1.12
62,Sehithwa,BW,2022-08-16 23:22:38,-20.4667,22.7167,57.02,23,0,5.06
63,Havoysund,NO,2022-08-16 23:22:38,70.9963,24.6622,64.63,92,99,6.33
64,Katherine,AU,2022-08-16 23:20:06,-14.4667,132.2667,62.92,31,53,5.75
65,Biga,TR,2022-08-16 23:22:39,40.2281,27.2422,74.05,55,29,4.92
66,Vardo,NO,2022-08-16 23:22:40,70.3705,31.1107,66.18,72,65,14.97
67,Batagay-Alyta,RU,2022-08-16 23:22:40,67.8006,130.4114,59.18,77,99,2.21
68,High Rock,BS,2022-08-16 23:22:41,26.6208,-78.2833,86.02,68,31,11.32
69,Bethel,US,2022-08-16 23:22:41,41.3712,-73.414,78.89,60,0,8.05
70,Demba,CD,2022-08-16 23:22:42,-5.51,22.2667,74.93,54,99,1.57
71,Ponta Do Sol,PT,2022-08-16 23:22:42,32.6667,-17.1,75.0,82,43,8.41
72,Manta,EC,2022-08-16 23:22:43,-0.95,-80.7333,72.91,77,21,7.99
73,Chuy,UY,2022-08-16 23:22:17,-33.6971,-53.4616,49.68,72,1,6.11
74,Whitehorse,CA,2022-08-16 23:20:11,60.7161,-135.0538,65.8,42,99,15.01
75,Tamworth,GB,2022-08-16 23:22:44,52.634,-1.6959,63.64,91,100,7.0
76,Luebo,CD,2022-08-16 23:22:44,-5.35,21.4167,78.75,45,85,1.74
77,Butaritari,KI,2022-08-16 23:22:45,3.0707,172.7902,81.73,70,94,17.94
78,Padang,ID,2022-08-16 23:22:45,-0.9492,100.3543,73.45,83,94,3.42
79,Neryungri,RU,2022-08-16 23:22:46,56.6709,124.6491,50.56,92,100,2.15
80,Guerrero Negro,MX,2022-08-16 23:22:46,27.9769,-114.0611,82.0,55,9,14.63
81,Longyearbyen,SJ,2022-08-16 23:21:39,78.2186,15.6401,38.71,98,100,11.41
82,Cherskiy,RU,2022-08-16 23:22:47,68.75,161.3,57.09,42,100,16.93
83,Kyren,RU,2022-08-16 23:22:47,51.6828,102.1408,50.45,93,52,0.76
84,Svetlogorsk,BY,2022-08-16 23:22:48,52.6333,29.7333,70.56,52,100,7.49
85,Celestun,MX,2022-08-16 23:21:20,20.8667,-90.4,84.25,75,9,16.87
86,Puerto Ayora,EC,2022-08-16 23:22:48,-0.7393,-90.3518,69.55,93,97,5.01
87,Marathon,US,2022-08-16 23:22:49,44.9,-89.7668,77.81,52,31,5.59
88,Cortez,US,2022-08-16 23:22:49,37.3489,-108.5859,85.03,39,0,12.01
89,Broome,US,2022-08-16 23:22:50,42.2506,-75.833,75.07,64,100,9.22
90,Qandala,SO,2022-08-16 23:22:50,11.472,49.8728,86.81,66,41,2.19
91,Mugur-Aksy,RU,2022-08-16 23:23:50,50.35,90.5,37.0,83,11,4.14
92,Torbay,CA,2022-08-16 23:23:51,47.6666,-52.7314,60.58,92,100,4.61
93,Mataura,NZ,2022-08-16 23:23:51,-46.1927,168.8643,52.0,91,84,2.66
94,Karoi,ZW,2022-08-16 23:23:52,-16.8099,29.6925,56.55,81,1,4.76
95,Rokytnice Nad Jizerou,CZ,2022-08-16 23:23:52,50.7256,15.4336,70.09,82,0,1.45
96,Hilo,US,2022-08-16 23:21:35,19.7297,-155.09,87.28,70,0,10.36
97,Saint Albans,GB,2022-08-16 23:22:51,51.75,-0.3333,66.9,90,40,4.61
98,Pilar,BR,2022-08-16 23:23:53,-9.5972,-35.9567,71.53,95,32,4.81
99,Sao Joao,BR,2022-08-16 23:23:53,-8.8756,-36.3667,61.03,98,34,6.64
100,Verkhoyansk,RU,2022-08-16 23:23:54,67.5447,133.385,64.26,61,71,3.22
101,Xuanwu,CN,2022-08-16 23:23:54,32.069,118.8138,82.35,90,62,6.53
102,Virginia Beach,US,2022-08-16 23:23:55,36.8529,-75.978,78.03,72,20,14.97
103,Saint George,US,2022-08-16 23:23:55,37.1041,-113.5841,90.43,40,0,16.11
104,Itaituba,BR,2022-08-16 23:23:56,-4.2761,-55.9836,84.36,74,20,0.0
105,Hithadhoo,MV,2022-08-16 23:23:56,-0.6,73.0833,82.36,76,31,11.68
106,Kavieng,PG,2022-08-16 23:23:57,-2.5744,150.7967,82.58,77,46,12.24
107,Vyborg,RU,2022-08-16 23:23:57,60.7076,28.7528,69.13,66,87,5.17
108,Cockburn Town,TC,2022-08-16 23:19:57,21.4612,-71.1419,83.59,78,12,12.73
109,Virarajendrapet,IN,2022-08-16 23:23:58,12.2,75.8,65.23,91,57,2.06
110,Ribeira Grande,PT,2022-08-16 23:23:58,38.5167,-28.7,72.37,66,21,13.6
111,Sioux Lookout,CA,2022-08-16 23:23:59,50.1001,-91.917,68.07,77,75,8.05
112,Ancud,CL,2022-08-16 23:23:59,-41.8697,-73.8203,43.88,73,22,18.23
113,Atuona,PF,2022-08-16 23:23:59,-9.8,-139.0333,76.57,79,13,19.42
114,Hasaki,JP,2022-08-16 23:24:00,35.7333,140.8333,86.29,83,99,6.8
115,Santa Fe,AR,2022-08-16 23:24:01,-31.6333,-60.7,60.03,52,1,4.0
116,Pevek,RU,2022-08-16 23:24:01,69.7008,170.3133,41.7,70,84,5.37
117,Labuhan,ID,2022-08-16 23:24:02,-6.8844,112.2051,76.35,85,27,5.99
118,Miracema,BR,2022-08-16 23:24:02,-21.4122,-42.1967,71.2,52,0,4.68
119,Sisimiut,GL,2022-08-16 23:24:02,66.9395,-53.6735,39.79,89,82,6.17
120,Hualmay,PE,2022-08-16 23:24:03,-11.0964,-77.6139,62.44,79,11,11.63
121,Rolla,US,2022-08-16 23:24:03,37.9514,-91.7713,68.59,93,100,5.75
122,Bay Saint Louis,US,2022-08-16 23:24:03,30.3088,-89.33,93.27,52,0,6.91
123,Lompoc,US,2022-08-16 23:24:04,34.6391,-120.4579,81.84,68,0,12.66
124,Auki,SB,2022-08-16 23:24:04,-8.7676,160.7034,84.13,64,6,0.83
125,San Cristobal,VE,2022-08-16 23:20:48,7.7669,-72.225,71.78,91,69,2.93
126,Sandwick,GB,2022-08-16 23:24:05,60.0,-1.25,49.82,71,100,12.66
127,Hofn,IS,2022-08-16 23:24:05,64.2539,-15.2082,49.06,69,0,5.03
128,Flinders,AU,2022-08-16 23:24:06,-34.5833,150.8552,60.06,63,3,5.99
129,Sao Joao Da Barra,BR,2022-08-16 23:20:12,-21.6403,-41.0511,72.72,80,0,26.37
130,Vinh,VN,2022-08-16 23:21:19,18.6667,105.6667,77.81,88,93,3.33
131,Mountain Home,US,2022-08-16 23:19:45,43.133,-115.6912,98.08,9,0,3.44
132,Biltine,TD,2022-08-16 23:24:07,14.5333,20.9167,74.71,83,74,7.31
133,Yining,CN,2022-08-16 23:24:07,29.0361,114.5636,78.82,90,94,1.07
134,Gat,IL,2022-08-16 23:25:08,31.61,34.7642,79.48,100,0,6.8
135,Xichang,CN,2022-08-16 23:21:12,27.8964,102.2634,66.11,91,100,0.85
136,Upernavik,GL,2022-08-16 23:25:08,72.7868,-56.1549,41.81,95,100,5.68
137,Bharatpur,IN,2022-08-16 23:25:09,27.2167,77.4833,77.59,86,67,11.12
138,Grindavik,IS,2022-08-16 23:25:09,63.8424,-22.4338,51.75,100,100,20.71
139,Saskylakh,RU,2022-08-16 23:25:09,71.9167,114.0833,46.04,91,93,8.77
140,Alyangula,AU,2022-08-16 23:25:10,-13.8483,136.4192,69.67,78,82,0.0
141,Kavaratti,IN,2022-08-16 23:25:10,10.5669,72.642,80.78,79,89,6.78
142,Sangueya,GN,2022-08-16 23:25:10,10.7,-14.3667,74.75,96,100,3.2
143,Newton Abbot,GB,2022-08-16 23:25:11,50.5286,-3.6119,63.46,94,35,1.01
144,Pacific Grove,US,2022-08-16 23:25:11,36.6177,-121.9166,83.34,74,0,5.75
145,Mount Gambier,AU,2022-08-16 23:25:12,-37.8333,140.7667,50.16,78,100,10.11
146,Kapoeta,SS,2022-08-16 23:25:12,4.7717,33.5903,71.82,82,100,6.06
147,Conceicao Do Araguaia,BR,2022-08-16 23:25:13,-8.2578,-49.2647,81.43,29,1,3.02
148,Abu Dhabi,AE,2022-08-16 23:25:13,24.4667,54.3667,91.42,74,0,3.44
149,Utete,TZ,2022-08-16 23:25:13,-7.986,38.758,66.02,96,11,3.09
150,Aklavik,CA,2022-08-16 23:25:14,68.2191,-135.0107,55.4,82,75,5.75
151,Fasa,IR,2022-08-16 23:25:14,28.9383,53.6482,76.24,20,0,0.0
152,Bayan,CN,2022-08-16 23:25:15,46.0833,127.4,68.58,73,0,3.11
153,Geraldton,AU,2022-08-16 23:25:15,-28.7667,114.6,55.81,82,75,10.36
154,Miles City,US,2022-08-16 23:25:15,46.4083,-105.8406,94.17,21,0,6.91
155,Srednekolymsk,RU,2022-08-16 23:25:16,67.45,153.6833,61.92,54,100,7.02
156,Wilmington,US,2022-08-16 23:24:37,34.2257,-77.9447,78.71,76,40,8.05
157,Bridgetown,BB,2022-08-16 23:25:16,13.1,-59.6167,82.89,78,20,13.8
158,Gewane,ET,2022-08-16 23:25:17,10.1664,40.6453,78.66,65,85,5.64
159,Kahului,US,2022-08-16 23:25:17,20.8947,-156.47,91.42,43,40,11.5
160,Alice Springs,AU,2022-08-16 23:25:18,-23.7,133.8833,51.35,35,1,0.0
161,Ostrovnoy,RU,2022-08-16 23:25:18,68.0531,39.5131,59.94,86,74,13.94
162,Ahipara,NZ,2022-08-16 23:25:18,-35.1667,173.1667,62.73,90,100,18.28
163,Mandera,KE,2022-08-16 23:25:19,3.9366,41.867,77.43,62,30,20.89
164,Satipo,PE,2022-08-16 23:25:19,-11.2522,-74.6386,77.11,68,99,2.46
165,Soyo,AO,2022-08-16 23:25:20,-6.1349,12.3689,69.76,90,23,4.61
166,East London,ZA,2022-08-16 23:25:20,-33.0153,27.9116,62.2,35,81,4.25
167,Portland,US,2022-08-16 23:24:33,45.5234,-122.6762,93.58,35,20,12.66
168,Garowe,SO,2022-08-16 23:25:21,8.4054,48.4845,76.21,62,88,22.12
169,Mar Del Plata,AR,2022-08-16 23:20:32,-38.0023,-57.5575,52.09,77,0,3.44
170,Klaksvik,FO,2022-08-16 23:25:21,62.2266,-6.589,41.92,72,8,7.47
171,Riyadh,SA,2022-08-16 23:23:11,24.6877,46.7219,89.74,14,26,11.9
172,Katangli,RU,2022-08-16 23:25:22,51.7102,143.2326,64.71,80,34,5.53
173,Polyarnyy,RU,2022-08-16 23:25:22,69.1989,33.4478,60.39,84,44,13.22
174,San Andres,CO,2022-08-16 23:21:26,12.5847,-81.7006,84.22,79,40,4.61
175,Gizo,SB,2022-08-16 23:25:23,-8.103,156.8419,81.3,76,69,5.7
176,Christchurch,NZ,2022-08-16 23:25:23,-43.5333,172.6333,58.32,80,100,11.5
177,Egvekinot,RU,2022-08-16 23:25:24,66.3167,-179.1667,40.53,54,45,2.64
178,Severo-Kurilsk,RU,2022-08-16 23:25:24,50.6789,156.125,53.28,99,100,8.7
179,Xining,CN,2022-08-16 23:21:14,36.6167,101.7667,61.74,86,72,2.3
180,Salalah,OM,2022-08-16 23:25:25,17.0151,54.0924,75.29,100,100,5.75
181,Murgab,TM,2022-08-16 23:26:25,37.4966,61.9714,76.87,36,0,11.5
182,Esna,EG,2022-08-16 23:26:25,25.2934,32.554,86.02,23,1,10.89
183,Carnarvon,AU,2022-08-16 23:26:26,-24.8667,113.6333,64.72,60,69,14.36
184,Bagdarin,RU,2022-08-16 23:26:26,54.4333,113.6,50.79,62,20,1.5
185,Puerto Baquerizo Moreno,EC,2022-08-16 23:26:27,-0.9,-89.6,70.2,81,93,10.67
186,Dorado,PR,2022-08-16 23:26:27,18.4588,-66.2677,83.71,82,75,0.0
187,Presidencia Roque Saenz Pena,AR,2022-08-16 23:26:27,-26.7852,-60.4388,65.07,39,0,6.4
188,Fort Nelson,CA,2022-08-16 23:26:28,58.8053,-122.7002,80.19,36,20,3.44
189,Lorengau,PG,2022-08-16 23:26:28,-2.0226,147.2712,83.89,72,85,9.93
190,Aripuana,BR,2022-08-16 23:26:29,-9.1667,-60.6333,80.47,56,49,1.95
191,Esqueda,MX,2022-08-16 23:26:29,30.7167,-109.5833,72.18,74,37,7.99
192,Fortuna Foothills,US,2022-08-16 23:26:29,32.6578,-114.4119,107.22,31,75,11.5
193,Port Lincoln,AU,2022-08-16 23:26:30,-34.7333,135.8667,58.08,53,100,19.08
194,Airai,TL,2022-08-16 23:26:30,-8.9266,125.4092,59.58,71,97,2.68
195,Suchitlan,MX,2022-08-16 23:26:30,19.3667,-103.7167,70.59,94,100,0.0
196,Jizan,SA,2022-08-16 23:26:31,17.3333,42.6667,86.94,57,92,3.04
197,Frisco,US,2022-08-16 23:24:46,33.1507,-96.8236,102.04,34,100,5.01
198,Salinopolis,BR,2022-08-16 23:26:31,-0.6136,-47.3561,78.85,82,14,11.95
199,Baykit,RU,2022-08-16 23:26:32,61.67,96.37,51.33,89,81,2.73
200,Pontian Kecil,MY,2022-08-16 23:26:32,1.4801,103.3899,77.32,79,94,5.79
201,San Patricio,US,2022-08-16 23:26:33,28.017,-97.5169,91.27,57,56,13.13
202,Gazanjyk,TM,2022-08-16 23:26:33,39.2446,55.5154,84.25,15,0,11.97
203,Selikhino,RU,2022-08-16 23:26:33,50.3672,137.4996,67.24,88,12,8.99
204,Saint-Philippe,RE,2022-08-16 23:26:34,-21.3585,55.7679,67.21,68,0,3.74
205,Baghdad,IQ,2022-08-16 23:26:34,33.3406,44.4009,87.71,19,0,12.66
206,Ust-Maya,RU,2022-08-16 23:26:35,60.4167,134.5333,63.41,61,84,4.74
207,Chokurdakh,RU,2022-08-16 23:26:35,70.6333,147.9167,50.86,55,100,12.21
208,Saint-Pierre,RE,2022-08-16 23:26:35,-21.3393,55.4781,67.28,61,0,4.61
209,Castro,BR,2022-08-16 23:26:36,-24.7911,-50.0119,55.26,92,100,4.34
210,Husavik,IS,2022-08-16 23:26:36,66.0449,-17.3389,45.21,75,5,3.42
211,Milkovo,RU,2022-08-16 23:26:36,54.7167,158.6167,61.18,69,100,6.11
212,Saryozek,KZ,2022-08-16 23:26:37,44.3583,77.9753,52.3,36,0,4.76
213,Bambous Virieux,MU,2022-08-16 23:26:37,-20.3428,57.7575,68.22,94,40,4.61
214,Azad Shahr,IR,2022-08-16 23:26:38,34.7909,48.5707,66.69,18,0,6.91
215,Calabozo,VE,2022-08-16 23:26:38,8.9242,-67.4293,78.96,78,78,4.32
216,Kieta,PG,2022-08-16 23:26:38,-6.2167,155.6333,82.99,71,9,2.98
217,Tiarei,PF,2022-08-16 23:26:39,-17.5333,-149.3333,73.42,87,100,7.05
218,Taoudenni,ML,2022-08-16 23:26:39,22.6783,-3.9836,97.74,25,67,6.26
219,Bubaque,GW,2022-08-16 23:26:40,11.2833,-15.8333,77.31,90,98,13.67
220,Namibe,AO,2022-08-16 23:26:40,-15.1961,12.1522,60.35,88,62,4.56
221,Kruisfontein,ZA,2022-08-16 23:26:40,-34.0033,24.7314,50.45,64,100,5.75
222,Midland,US,2022-08-16 23:26:41,31.9974,-102.0779,87.8,63,40,10.36
223,Bandarbeyla,SO,2022-08-16 23:25:20,9.4942,50.8122,77.27,76,83,25.61
224,Port Hardy,CA,2022-08-16 23:26:41,50.6996,-127.4199,73.58,64,75,3.44
225,Dunedin,NZ,2022-08-16 23:26:42,-45.8742,170.5036,54.81,81,100,5.99
226,Axim,GH,2022-08-16 23:26:42,4.8699,-2.2405,75.31,70,90,7.34
227,Edd,ER,2022-08-16 23:26:42,13.9297,41.6925,90.54,69,99,1.7
228,Marfino,RU,2022-08-16 23:26:43,55.7028,37.3822,70.05,56,0,6.71
229,Esperance,AU,2022-08-16 23:26:43,-33.8667,121.9,53.35,84,23,21.3
230,Thompson,CA,2022-08-16 23:26:43,55.7435,-97.8558,77.16,65,75,5.75
231,Paamiut,GL,2022-08-16 23:27:44,61.994,-49.6678,42.53,90,100,11.5
232,Yar-Sale,RU,2022-08-16 23:27:44,66.8333,70.8333,44.42,81,100,18.84
233,Lerdo,MX,2022-08-16 23:27:45,25.5333,-103.5333,91.27,31,75,6.91
234,Surt,LY,2022-08-16 23:27:45,31.2089,16.5887,84.29,46,0,10.2
235,Lazaro Cardenas,MX,2022-08-16 23:26:53,17.9583,-102.2,85.73,66,96,6.82
236,Coihaique,CL,2022-08-16 23:27:02,-45.5752,-72.0662,34.41,94,34,6.15
237,Rawson,AR,2022-08-16 23:27:46,-43.3002,-65.1023,46.76,42,26,11.97
238,Naze,JP,2022-08-16 23:27:46,28.3667,129.4833,85.12,78,77,9.71
239,Cabedelo,BR,2022-08-16 23:27:47,-6.9811,-34.8339,75.87,74,14,15.14
240,Cesme,TR,2022-08-16 23:27:46,38.3228,26.3064,75.18,66,0,8.19
241,Bengkulu,ID,2022-08-16 23:27:47,-3.8004,102.2655,75.33,85,88,3.98
242,Antofagasta,CL,2022-08-16 23:24:23,-23.65,-70.4,56.48,85,41,7.23
243,Kayerkan,RU,2022-08-16 23:27:48,69.3497,87.7602,50.52,100,64,1.99
244,Rawlins,US,2022-08-16 23:27:48,41.7911,-107.2387,82.29,20,20,18.41
245,Henties Bay,NA,2022-08-16 23:27:49,-22.116,14.2845,54.25,86,0,4.05
246,Lobito,AO,2022-08-16 23:27:49,-12.3481,13.5456,67.96,89,82,7.72
247,Port Elizabeth,ZA,2022-08-16 23:27:49,-33.918,25.5701,56.32,80,0,4.61
248,Loa Janan,ID,2022-08-16 23:27:50,-0.583,117.095,71.94,98,100,3.13
249,Djougou,BJ,2022-08-16 23:27:50,9.7085,1.666,68.9,97,79,4.29
250,Port-Gentil,GA,2022-08-16 23:27:51,-0.7193,8.7815,73.36,88,20,4.61
251,Ola,RU,2022-08-16 23:27:51,59.5833,151.2833,59.14,90,100,6.31
252,Quang Ngai,VN,2022-08-16 23:26:45,15.1167,108.8,76.17,89,99,5.37
253,Tsabong,BW,2022-08-16 23:27:52,-26.0217,22.401,60.98,15,60,14.29
254,Jamestown,US,2022-08-16 23:27:52,42.097,-79.2353,68.05,67,75,11.01
255,Majene,ID,2022-08-16 23:27:53,-3.5403,118.9707,77.36,85,100,0.72
256,Fortuna,US,2022-08-16 23:27:53,40.5982,-124.1573,72.93,73,0,14.97
257,Bereda,ES,2022-08-16 23:27:53,43.2686,-7.5406,62.42,100,100,6.64
258,Vyartsilya,RU,2022-08-16 23:27:54,62.1764,30.693,60.62,100,10,3.8
259,Funtua,NG,2022-08-16 23:27:54,11.5233,7.3081,67.28,96,77,7.14
260,Rudbar,AF,2022-08-16 23:27:55,30.15,62.6,83.93,19,0,9.13
261,Snezhnogorsk,RU,2022-08-16 23:27:55,69.1933,33.2531,64.18,84,44,11.65
262,Codrington,AU,2022-08-16 23:27:55,-38.2667,141.9667,50.31,78,100,12.71
263,Alugan,PH,2022-08-16 23:23:18,12.2188,125.4808,76.82,87,100,1.97
264,Mareeba,AU,2022-08-16 23:27:56,-17.0,145.4333,68.43,40,2,2.24
265,Katsuura,JP,2022-08-16 23:27:56,35.1333,140.3,80.62,86,99,11.92
266,Areia Branca,BR,2022-08-16 23:27:57,-4.9561,-37.1369,79.29,59,3,23.24
267,Saint Anthony,US,2022-08-16 23:27:42,45.0205,-93.218,80.94,53,100,10.36
268,Santiago,CL,2022-08-16 23:27:57,-33.4569,-70.6483,50.85,85,100,9.22
269,Mulanje,MW,2022-08-16 23:27:57,-16.0316,35.5,63.84,88,93,5.5
270,Artyom,AZ,2022-08-16 23:27:58,40.4723,50.333,71.74,62,0,8.66
271,Cabo San Lucas,MX,2022-08-16 23:23:37,22.8909,-109.9124,87.51,73,75,6.91
272,Eureka,US,2022-08-16 23:24:26,40.8021,-124.1637,71.37,77,24,5.01
273,Shingu,JP,2022-08-16 23:27:59,33.7333,135.9833,84.51,76,99,6.04
274,Plettenberg Bay,ZA,2022-08-16 23:27:59,-34.0527,23.3716,52.57,80,76,4.43
275,Lebu,CL,2022-08-16 23:27:59,-37.6167,-73.65,47.95,75,81,19.26
276,Bajil,YE,2022-08-16 23:28:00,15.0584,43.2851,88.12,62,67,5.95
277,Ochamchira,GE,2022-08-16 23:28:00,42.7121,41.4721,75.29,93,22,3.02
278,Beringovskiy,RU,2022-08-16 23:29:01,63.05,179.3167,45.09,70,100,13.4
279,Lazarev,RU,2022-08-16 23:29:01,52.225,141.5131,62.65,84,0,2.39
280,Sungai Pelek,MY,2022-08-16 23:29:01,2.6449,101.717,78.93,94,20,0.0
281,Praia Da Vitoria,PT,2022-08-16 23:25:39,38.7333,-27.0667,71.85,73,75,11.32
282,Wicklow,IE,2022-08-16 23:29:02,53.0,-6.4167,50.07,74,3,7.05
283,Nome,US,2022-08-16 23:29:03,64.5011,-165.4064,51.87,51,40,17.27
284,Baiyin,CN,2022-08-16 23:29:03,36.5583,104.2081,73.17,68,24,3.58
285,Agaro,ET,2022-08-16 23:29:03,7.85,36.65,61.56,98,100,1.3
286,Dikson,RU,2022-08-16 23:29:04,73.5069,80.5464,41.18,87,100,25.95
287,Tieli,CN,2022-08-16 23:29:04,46.95,128.05,68.58,70,0,4.41
288,Te Anau,NZ,2022-08-16 23:29:04,-45.4167,167.7167,48.15,95,98,0.4
289,Qaanaaq,GL,2022-08-16 23:29:05,77.484,-69.3632,43.7,58,100,5.5
290,Envira,BR,2022-08-16 23:29:05,-7.3,-70.2167,75.99,79,82,1.63
291,Buchanan,LR,2022-08-16 23:29:06,5.8808,-10.0467,74.82,82,100,8.32
292,Talnakh,RU,2022-08-16 23:29:06,69.4865,88.3972,51.21,82,50,4.38
293,Broken Hill,AU,2022-08-16 23:29:07,-31.95,141.4333,53.22,60,46,10.38
294,Gimli,CA,2022-08-16 23:29:07,50.6336,-96.9907,74.26,64,86,5.08
295,Los Llanos De Aridane,ES,2022-08-16 23:29:07,28.6585,-17.9182,69.55,95,40,17.27
296,Evreux,FR,2022-08-16 23:29:08,49.0241,1.1508,67.68,88,87,4.61
297,Pathein,MM,2022-08-16 23:29:08,16.7833,94.7333,76.5,94,100,14.99
298,Saint-Paul,RE,2022-08-16 23:29:09,-21.0096,55.2707,67.73,71,0,3.49
299,Tasiilaq,GL,2022-08-16 23:29:09,65.6145,-37.6368,44.76,72,100,11.68
300,Jalu,LY,2022-08-16 23:29:09,29.0331,21.5482,83.28,35,0,9.04
301,Najran,SA,2022-08-16 23:29:10,17.4924,44.1277,83.05,47,66,5.82
302,Muli,MV,2022-08-16 23:29:10,2.9167,73.5667,81.88,72,45,4.61
303,Nekrasovka,RU,2022-08-16 23:29:11,48.3525,135.2325,73.42,73,0,8.95
304,Puerto Carreno,CO,2022-08-16 23:29:11,6.189,-67.4859,79.09,83,50,7.0
305,Pocone,BR,2022-08-16 23:29:11,-16.2567,-56.6228,82.98,46,77,2.68
306,Nijar,ES,2022-08-16 23:29:12,36.9665,-2.206,69.44,83,0,4.61
307,Miandrivazo,MG,2022-08-16 23:29:12,-19.5167,45.4667,69.03,79,0,1.9
308,Chapais,CA,2022-08-16 23:29:13,49.7834,-74.8492,74.98,46,13,4.16
309,Bonthe,SL,2022-08-16 23:29:14,7.5264,-12.505,75.13,92,100,11.43
310,Plavsk,RU,2022-08-16 23:29:14,53.7094,37.2919,67.8,55,64,11.45
311,Stafford,GB,2022-08-16 23:24:37,52.8052,-2.1164,62.82,88,100,13.73
312,Yaan,NG,2022-08-16 23:29:15,7.3833,8.5667,70.52,89,81,2.75
313,Marabba,SD,2022-08-16 23:29:16,12.35,32.1833,78.13,76,100,4.61
314,Tignere,CM,2022-08-16 23:29:16,7.3667,12.65,62.89,93,100,0.54
315,Fare,PF,2022-08-16 23:29:16,-16.7,-151.0167,72.48,87,100,22.41
316,Aranos,NA,2022-08-16 23:29:17,-24.1333,19.1167,55.44,20,7,5.46
317,Matane,CA,2022-08-16 23:27:58,48.8286,-67.522,64.04,67,45,6.29
318,Ulaanbaatar,MN,2022-08-16 23:29:17,47.9077,106.8832,53.73,87,40,4.47
319,Chernyshevskiy,RU,2022-08-16 23:29:18,63.0128,112.4714,48.13,98,99,6.15
320,Pisco,PE,2022-08-16 23:24:42,-13.7,-76.2167,62.65,77,75,10.36
321,Letka,RU,2022-08-16 23:29:18,59.6011,49.4232,55.44,77,50,3.27
322,Mtambile,TZ,2022-08-16 23:29:19,-5.3833,39.7,74.05,79,26,13.33
323,Tucuman,AR,2022-08-16 23:30:19,-26.8241,-65.2226,62.6,42,0,5.75
324,Zhangye,CN,2022-08-16 23:30:19,38.9342,100.4517,78.53,29,76,0.6
325,Constitucion,CL,2022-08-16 23:25:56,-35.3333,-72.4167,52.88,95,100,12.15
326,Kupang,ID,2022-08-16 23:30:20,-10.1667,123.5833,78.6,63,95,4.99
327,Nurota,UZ,2022-08-16 23:30:20,40.5614,65.6886,74.14,32,0,4.88
328,Maragheh,IR,2022-08-16 23:30:21,37.3917,46.2398,79.27,32,0,10.98
329,Victoria,HK,2022-08-16 23:25:21,22.2855,114.1577,83.25,89,14,11.01
330,Beidao,CN,2022-08-16 23:30:21,34.5686,105.8933,78.26,68,50,7.81
331,Rize,TR,2022-08-16 23:30:22,40.9044,40.8949,56.89,88,47,1.03
332,Laguna,US,2022-08-16 23:30:22,38.421,-121.4238,109.06,13,0,4.61
333,Sitka,US,2022-08-16 23:30:23,57.0531,-135.33,60.69,88,100,0.0
334,Xuddur,SO,2022-08-16 23:30:23,4.1213,43.8894,69.98,75,28,20.96
335,Thunder Bay,CA,2022-08-16 23:30:24,48.4001,-89.3168,69.78,64,75,11.5
336,Bernay,FR,2022-08-16 23:30:24,49.1667,0.6667,66.67,81,83,6.96
337,Nyuksenitsa,RU,2022-08-16 23:30:24,60.4128,44.2397,59.86,87,73,3.98
338,Naraina,IN,2022-08-16 23:30:25,26.7833,75.2,75.09,92,100,20.78
339,Leningradskiy,RU,2022-08-16 23:30:25,69.3833,178.4167,41.29,65,8,10.54
340,Mossendjo,CG,2022-08-16 23:30:26,-2.9506,12.7261,67.5,81,68,3.22
341,Siavonga,ZM,2022-08-16 23:30:26,-16.5382,28.7088,66.78,65,2,5.19
342,Sungairaya,ID,2022-08-16 23:30:26,0.7,108.9,79.16,87,86,5.93
343,Cidreira,BR,2022-08-16 23:30:27,-30.1811,-50.2056,55.58,84,75,9.04
344,Octeville,FR,2022-08-16 23:30:27,49.6261,-1.6435,61.29,100,42,6.91
345,Brae,GB,2022-08-16 23:30:27,60.3964,-1.353,49.91,66,100,16.98
346,Teguise,ES,2022-08-16 23:30:28,29.0605,-13.564,70.02,83,20,18.41
347,Kendari,ID,2022-08-16 23:30:28,-3.945,122.4989,73.85,91,100,1.7
348,Mayskiy,RU,2022-08-16 23:30:29,47.6931,40.1025,71.01,49,78,3.51
349,Ormara,PK,2022-08-16 23:30:29,25.2088,64.6357,82.33,83,100,2.24
350,Punto Fijo,VE,2022-08-16 23:30:30,11.6956,-70.1996,82.83,76,3,25.9
351,Kitgum,UG,2022-08-16 23:30:30,3.2783,32.8867,63.39,99,94,2.37
352,Chuzhou,CN,2022-08-16 23:30:31,32.3219,118.2978,81.84,85,68,9.26
353,Raga,SS,2022-08-16 23:30:31,8.4596,25.678,67.64,98,100,4.05
354,Souillac,MU,2022-08-16 23:30:31,-20.5167,57.5167,66.58,94,40,4.61
355,Osakarovka,KZ,2022-08-16 23:30:32,50.565,72.5692,48.88,64,1,4.07
356,Nouadhibou,MR,2022-08-16 23:30:32,20.931,-17.0347,73.38,78,59,25.32
357,Damghan,IR,2022-08-16 23:30:33,36.1683,54.348,73.11,28,0,1.43
358,Havre-Saint-Pierre,CA,2022-08-16 23:30:33,50.2334,-63.5986,66.56,63,0,4.61
359,Stryn,NO,2022-08-16 23:30:33,61.9045,6.7226,61.14,98,100,7.29
360,Bosaso,SO,2022-08-16 23:30:34,11.2842,49.1816,89.85,48,55,6.06
361,Batticaloa,LK,2022-08-16 23:30:38,7.7102,81.6924,79.21,78,98,4.54
362,Krasnozerskoye,RU,2022-08-16 23:30:38,53.9828,79.2374,50.59,87,100,6.11
363,Belmonte,BR,2022-08-16 23:30:39,-15.8631,-38.8828,70.9,75,16,6.6
364,Berdigestyakh,RU,2022-08-16 23:30:39,62.0989,126.6992,53.08,94,99,8.72
365,Fredericton,CA,2022-08-16 23:26:03,45.9454,-66.6656,72.45,62,0,6.91
366,Mokhsogollokh,RU,2022-08-16 23:30:40,61.4681,128.9203,54.16,97,100,6.67
367,Gwadar,PK,2022-08-16 23:31:40,25.1216,62.3254,83.28,79,100,3.74
368,Sao Jose Da Coroa Grande,BR,2022-08-16 23:31:41,-8.8978,-35.1478,73.63,83,11,11.21
369,Mayna,RU,2022-08-16 23:31:41,54.1135,47.6231,59.74,68,87,6.73
370,Barra Patuca,HN,2022-08-16 23:31:42,15.8,-84.2833,77.49,88,100,2.17
371,Ketchikan,US,2022-08-16 23:31:42,55.3422,-131.6461,61.27,94,100,12.66
372,Saint-Augustin,CA,2022-08-16 23:31:43,51.226,-58.6502,65.52,53,2,5.91
373,Vagur,FO,2022-08-16 23:31:43,61.4732,-6.8119,49.03,69,6,4.61
374,Lusambo,CD,2022-08-16 23:31:43,-4.9667,23.45,76.71,59,95,4.05
375,Samarai,PG,2022-08-16 23:31:44,-10.6167,150.6667,78.82,66,89,13.96
376,Smirnykh,RU,2022-08-16 23:31:44,49.75,142.8333,72.09,62,0,3.02
377,Wenling,CN,2022-08-16 23:31:45,28.3669,121.36,84.81,78,100,8.21
378,Hambantota,LK,2022-08-16 23:31:45,6.1241,81.1185,77.63,85,99,10.51
379,Chanthaburi,TH,2022-08-16 23:31:45,12.8333,102.1667,65.7,97,100,3.56
380,Mercedes,AR,2022-08-16 23:31:46,-34.6515,-59.4307,53.85,48,100,6.71
381,Provideniya,RU,2022-08-16 23:31:46,64.3833,-173.3,46.51,66,40,2.24
382,Alekseyevka,RU,2022-08-16 23:31:47,50.6309,38.6903,77.4,34,100,11.99
383,Pasni,PK,2022-08-16 23:31:47,25.2631,63.471,83.44,78,99,3.76
384,Mahibadhoo,MV,2022-08-16 23:31:48,3.7833,72.9667,80.74,72,19,4.32
385,Isangel,VU,2022-08-16 23:31:48,-19.55,169.2667,80.78,80,91,17.13
386,Avera,US,2022-08-16 23:31:48,33.194,-82.5271,83.71,66,78,5.73
387,Vila Velha,BR,2022-08-16 23:31:49,-20.3297,-40.2925,73.35,84,0,13.8
388,Tevaitoa,PF,2022-08-16 23:31:49,-16.7833,-151.5,72.77,84,100,14.74
389,Porto Santo,PT,2022-08-16 23:31:49,33.072,-16.3415,71.98,83,75,14.97
390,Fairbanks,US,2022-08-16 23:31:50,64.8378,-147.7164,69.1,60,75,5.75
391,San Jeronimo,PE,2022-08-16 23:31:50,-11.9472,-75.2829,55.33,67,28,5.1
392,Temir,KZ,2022-08-16 23:31:51,49.1414,57.13,67.1,32,0,8.1
393,Port Augusta,AU,2022-08-16 23:31:51,-32.5,137.7667,59.16,51,70,23.2
394,Sabalgarh,IN,2022-08-16 23:31:51,26.25,77.4,75.63,90,45,7.94
395,La Ronge,CA,2022-08-16 23:31:52,55.1001,-105.2842,82.65,28,40,9.22
396,Pangnirtung,CA,2022-08-16 23:31:52,66.1451,-65.7125,45.03,77,77,2.95
397,Marsaxlokk,MT,2022-08-16 23:31:52,35.8419,14.5431,83.08,100,20,6.91
398,Sobolevo,RU,2022-08-16 23:31:53,54.4299,31.8996,64.18,70,99,8.32
399,Shubarshi,KZ,2022-08-16 23:31:53,48.5872,57.1869,69.46,29,0,7.05
400,Itoman,JP,2022-08-16 23:31:54,26.1247,127.6694,87.82,74,75,9.22
401,Japura,ID,2022-08-16 23:31:54,-0.3167,102.35,75.0,96,99,2.93
402,Sistranda,NO,2022-08-16 23:31:54,63.7256,8.834,57.16,92,100,25.37
403,Eyrarbakki,IS,2022-08-16 23:31:55,63.863,-21.1481,51.85,84,97,18.3
404,San Rafael,AR,2022-08-16 23:31:55,-34.6177,-68.3301,58.44,27,29,6.08
405,Am Timan,TD,2022-08-16 23:31:55,11.0297,20.2827,69.39,98,100,3.94
406,Khonsa,IN,2022-08-16 23:31:56,27.0167,95.5667,69.96,96,87,1.63
407,Helena,US,2022-08-16 23:30:04,46.5927,-112.0361,97.79,11,0,11.5
408,Kochubey,RU,2022-08-16 23:31:57,44.3861,46.5825,78.33,62,0,9.69
409,Champaign,US,2022-08-16 23:31:57,40.1334,-88.2001,80.01,59,75,8.05
410,Itarema,BR,2022-08-16 23:31:58,-2.9248,-39.9167,77.81,74,28,17.13
411,Moose Factory,CA,2022-08-16 23:31:58,51.2585,-80.6094,71.6,53,0,8.05
412,Moshkovo,RU,2022-08-16 23:31:58,55.3053,83.6104,47.82,78,94,7.05
413,Makakilo City,US,2022-08-16 23:32:59,21.3469,-158.0858,85.75,56,0,11.5
414,Erenhot,CN,2022-08-16 23:32:59,43.6475,111.9767,78.21,41,71,16.96
415,Nanortalik,GL,2022-08-16 23:32:59,60.1432,-45.2371,40.96,92,77,11.61
416,Staryy Nadym,RU,2022-08-16 23:33:00,65.6118,72.6842,44.55,85,100,18.77
417,Santa Rosa,PH,2022-08-16 23:33:00,14.3122,121.1114,84.11,80,100,7.27
418,Tshikapa,CD,2022-08-16 23:33:01,-6.4167,20.8,80.71,32,75,1.66
419,Warri,NG,2022-08-16 23:33:01,5.5167,5.75,73.38,83,100,2.8
420,Huarmey,PE,2022-08-16 23:33:01,-10.0681,-78.1522,62.65,82,18,10.13
421,Sorland,NO,2022-08-16 23:33:02,67.667,12.6934,53.46,98,100,21.61
422,Riverton,US,2022-08-16 23:33:02,40.5219,-111.9391,96.39,24,0,14.97
423,Ambon,ID,2022-08-16 23:33:03,-3.6954,128.1814,77.88,84,91,6.17
424,Saint Andrews,US,2022-08-16 23:32:44,34.0454,-81.1293,75.29,70,75,9.22
425,Rostock,DE,2022-08-16 23:33:04,54.0887,12.1405,66.92,90,55,5.1
426,Kibala,TD,2022-08-16 23:33:04,9.1104,18.3463,75.15,94,75,3.44
427,La Paz,BO,2022-08-16 23:30:56,-16.5,-68.15,51.78,15,40,6.91
428,Teupasenti,HN,2022-08-16 23:33:05,14.2167,-86.7,68.2,96,100,3.02
429,Mopti,ML,2022-08-16 23:33:05,14.6667,-4.0,78.01,73,93,7.45
430,Noyabrsk,RU,2022-08-16 23:33:05,63.1994,75.4507,44.28,84,100,14.79
431,Deputatskiy,RU,2022-08-16 23:33:06,69.3,139.9,48.76,61,0,6.49
432,Vesoul,FR,2022-08-16 23:33:06,47.5833,5.8333,70.61,82,99,6.8
433,Dariba,IN,2022-08-16 23:33:07,24.95,74.1333,73.51,94,100,17.02
434,Puerto Del Rosario,ES,2022-08-16 23:33:07,28.5004,-13.8627,74.95,78,0,13.8
435,Birao,CF,2022-08-16 23:33:08,10.2849,22.7882,68.09,99,91,5.57
436,Karratha,AU,2022-08-16 23:31:13,-20.7377,116.8463,73.26,78,6,11.99
437,Tabou,CI,2022-08-16 23:33:08,4.423,-7.3528,74.73,82,100,8.68
438,Kabrai,IN,2022-08-16 23:33:09,25.4167,80.0167,78.13,86,9,5.28
439,Winona,US,2022-08-16 23:33:09,43.9666,-91.7668,78.6,52,0,3.44
440,Meadow Lake,US,2022-08-16 23:33:10,34.8014,-106.5436,90.48,24,86,8.81
441,Grand-Lahou,CI,2022-08-16 23:33:10,5.1367,-5.0242,73.98,84,97,8.14
442,Saint-Michel-Des-Saints,CA,2022-08-16 23:30:09,46.6834,-73.9159,61.36,88,91,3.24
443,Waiuku,NZ,2022-08-16 23:33:11,-37.25,174.75,63.7,88,100,15.23
444,Krasnoborsk,RU,2022-08-16 23:33:11,61.5598,45.934,62.53,82,70,3.58
445,Manicore,BR,2022-08-16 23:33:12,-5.8092,-61.3003,78.75,89,0,0.0
446,Tilichiki,RU,2022-08-16 23:33:12,60.4667,166.1,51.03,70,100,12.84
447,Winnemucca,US,2022-08-16 23:33:12,40.973,-117.7357,96.85,11,0,6.91
448,Elko,US,2022-08-16 23:33:13,41.0002,-115.5012,92.73,14,4,8.99
449,Praia,CV,2022-08-16 23:33:13,14.9215,-23.5087,81.14,61,75,12.66
450,Port Moresby,PG,2022-08-16 23:32:05,-9.4431,147.1797,78.22,69,100,19.57
451,Edgewater,US,2022-08-16 23:33:14,28.9889,-80.9023,90.16,66,40,9.22
452,Tuban,ID,2022-08-16 23:33:14,-6.8976,112.0649,78.03,80,29,6.24
453,Tokat,TR,2022-08-16 23:33:15,40.4167,36.5833,60.26,92,76,3.36
454,Kotka,FI,2022-08-16 23:33:15,60.4664,26.9458,67.26,84,61,7.63
455,Maldonado,UY,2022-08-16 23:33:16,-34.6667,-54.9167,52.99,62,57,8.48
456,Asau,RO,2022-08-16 23:33:16,46.4333,26.4,63.52,91,68,5.44
457,Twin Falls,US,2022-08-16 23:33:17,42.3505,-114.6445,97.14,11,0,6.91
458,Pundaguitan,PH,2022-08-16 23:33:17,6.3711,126.1689,80.62,79,100,13.33
459,Khani,GE,2022-08-16 23:34:17,41.9563,42.9566,65.77,95,54,1.95
460,Mogadouro,PT,2022-08-16 23:34:18,41.3403,-6.7119,58.26,78,50,10.2
461,Hearst,CA,2022-08-16 23:34:18,49.6835,-83.6665,77.25,61,2,2.66
462,Pangody,RU,2022-08-16 23:33:39,65.85,74.4859,45.09,81,100,20.11
463,Concordia,AR,2022-08-16 23:30:01,-31.393,-58.0209,56.79,76,0,4.0
464,Novoselitskoye,RU,2022-08-16 23:34:19,44.7508,43.4369,77.41,65,0,10.8
465,Velsk,RU,2022-08-16 23:34:19,61.0701,42.0983,60.78,88,76,3.56
466,Pochutla,MX,2022-08-16 23:34:20,15.7432,-96.4661,83.82,88,100,0.51
467,Rzhev,RU,2022-08-16 23:34:20,56.2624,34.3282,61.29,78,14,6.67
468,Oktyabrskiy,RU,2022-08-16 23:34:21,54.4815,53.471,56.17,65,82,1.95
469,Aleppo,SY,2022-08-16 23:34:21,36.25,37.5,73.38,75,0,14.12
470,Matagami,CA,2022-08-16 23:32:33,49.7502,-77.6328,77.11,38,0,3.44
471,Kununurra,AU,2022-08-16 23:34:22,-15.7667,128.7333,66.18,55,13,0.0
472,Rio Gallegos,AR,2022-08-16 23:34:22,-51.6226,-69.2181,37.45,65,0,12.66
473,Oda,JP,2022-08-16 23:34:22,35.1833,132.5,72.37,94,100,6.82
474,Namatanai,PG,2022-08-16 23:33:59,-3.6667,152.4333,84.16,69,58,7.43
475,Forio,IT,2022-08-16 23:34:23,40.7342,13.8646,79.52,90,0,7.47
476,Alghero,IT,2022-08-16 23:34:23,40.5589,8.3181,77.09,100,0,3.44
477,Ilhabela,BR,2022-08-16 23:34:24,-23.7781,-45.3581,72.27,64,18,4.76
478,Sakakah,SA,2022-08-16 23:34:24,29.9697,40.2064,92.77,23,2,0.65
479,Westport,US,2022-08-16 23:30:13,41.1415,-73.3579,78.13,63,0,9.22
480,The Valley,AI,2022-08-16 23:34:25,18.217,-63.0578,84.81,74,20,5.75
481,Novorzhev,RU,2022-08-16 23:34:25,57.0294,29.3338,65.89,81,86,3.89
482,Sabha,LY,2022-08-16 23:34:26,27.0377,14.4283,88.3,23,0,11.56
483,Vostok,RU,2022-08-16 23:34:15,46.4856,135.8833,69.87,69,0,2.53
484,Seoul,KR,2022-08-16 23:34:27,37.5683,126.9778,78.37,83,40,2.3
485,Carmen,MX,2022-08-16 23:34:27,18.6333,-91.8333,85.1,76,80,10.36
486,El Alto,PE,2022-08-16 23:34:27,-4.2714,-81.2147,65.86,82,16,13.44
487,Lighthouse Point,US,2022-08-16 23:34:28,26.2756,-80.0873,84.06,79,40,6.91
488,Bam,IR,2022-08-16 23:34:29,29.106,58.357,83.14,11,5,13.51
489,Ajdabiya,LY,2022-08-16 23:34:29,30.7554,20.2263,81.05,42,0,8.63
490,Coahuayana,MX,2022-08-16 23:34:29,18.7333,-103.6833,81.84,82,91,4.27
491,Gainesville,US,2022-08-16 23:30:38,29.6516,-82.3248,84.78,56,75,0.0
492,Douglas,US,2022-08-16 23:32:47,41.3,-96.167,78.31,64,75,5.75
493,Mount Isa,AU,2022-08-16 23:34:30,-20.7333,139.5,62.37,39,0,11.5
494,Pecos,US,2022-08-16 23:30:09,31.4229,-103.4932,77.09,78,40,11.5
495,Vondrozo,MG,2022-08-16 23:34:31,-22.8167,47.2833,58.95,90,98,2.62
496,Awjilah,LY,2022-08-16 23:34:31,29.1081,21.2869,81.7,42,0,8.63
497,Palmer,US,2022-08-16 23:33:57,42.1584,-72.3287,78.4,53,100,8.05
498,Evensk,RU,2022-08-16 23:33:04,61.95,159.2333,49.86,93,100,13.87
499,Los Boquerones,PA,2022-08-16 23:34:32,8.0833,-80.85,77.11,88,80,2.89
500,Asyut,EG,2022-08-16 23:34:26,27.181,31.1837,82.58,44,0,15.14
501,Yanam,IN,2022-08-16 23:34:33,16.7333,82.2167,76.59,95,52,3.33
502,Kapuskasing,CA,2022-08-16 23:32:25,49.4169,-82.4331,77.09,47,20,3.44
503,Agadir,MA,2022-08-16 23:34:34,30.4202,-9.5982,68.45,83,0,7.47
504,Mitu,CO,2022-08-16 23:34:34,1.1983,-70.1733,77.77,79,99,1.97
505,Makinsk,KZ,2022-08-16 23:34:35,52.6292,70.4169,52.9,64,35,10.58
506,Oistins,BB,2022-08-16 23:31:31,13.0667,-59.5333,82.49,78,20,13.8
507,Guapo,BR,2022-08-16 23:35:35,-16.8306,-49.5319,82.78,28,14,3.62
508,Zelenoborskiy,RU,2022-08-16 23:35:36,66.845,32.3622,59.09,91,16,2.86
509,Sangar,RU,2022-08-16 23:35:36,63.9242,127.4739,59.05,79,99,10.56
510,Sarkand,KZ,2022-08-16 23:35:36,45.41,79.9186,49.37,43,0,3.56
511,Faya,SA,2022-08-16 23:34:20,18.3851,42.4509,64.92,71,91,6.06
512,Borogontsy,RU,2022-08-16 23:35:37,62.6683,131.1683,64.87,62,80,7.34
513,Shadegan,IR,2022-08-16 23:35:37,30.6497,48.6647,91.35,43,2,8.34
514,Bacolod,PH,2022-08-16 23:35:38,10.6667,122.95,80.6,83,100,9.69
515,Mana,GF,2022-08-16 23:35:38,5.6592,-53.7767,78.57,78,3,6.78
516,Nakapiripirit,UG,2022-08-16 23:35:39,1.9167,34.7833,63.05,92,96,2.28
517,Lodwar,KE,2022-08-16 23:35:39,3.1191,35.5973,80.85,50,79,10.11
518,Porto Empedocle,IT,2022-08-16 23:35:39,37.2934,13.5264,81.97,64,29,3.76
519,Merrill,US,2022-08-16 23:35:40,45.1805,-89.6835,77.77,52,0,4.61
520,Mackay,AU,2022-08-16 23:35:40,-21.15,149.2,66.69,47,5,15.64
521,Mauguio,FR,2022-08-16 23:35:40,43.6181,4.0074,71.49,78,66,19.57
522,Adre,TD,2022-08-16 23:35:41,13.4667,22.2,69.67,93,94,7.58
523,Jeremoabo,BR,2022-08-16 23:35:41,-10.075,-38.4808,66.7,97,59,8.79
524,Vestmannaeyjar,IS,2022-08-16 23:34:04,63.4427,-20.2734,50.9,86,100,22.68
525,Kloulklubed,PW,2022-08-16 23:35:42,7.0419,134.2556,75.7,77,100,5.01
526,Kizner,RU,2022-08-16 23:35:42,56.2749,51.508,63.43,72,100,3.62
527,Chase,CA,2022-08-16 23:35:43,50.8165,-119.6857,93.15,26,23,3.06
528,North Platte,US,2022-08-16 23:35:43,41.1239,-100.7654,69.26,79,100,8.99
529,Doha,QA,2022-08-16 23:35:44,25.2867,51.5333,96.69,54,0,4.61
530,Malatya,TR,2022-08-16 23:35:44,38.5,38.0,75.25,36,0,3.44
531,Anqing,CN,2022-08-16 23:35:44,30.5092,117.0506,84.97,75,97,4.27
532,Vila Franca Do Campo,PT,2022-08-16 23:35:25,37.7167,-25.4333,70.21,73,49,7.56
533,Muravlenko,RU,2022-08-16 23:35:45,63.7898,74.523,44.49,82,100,17.92
534,Cukai,MY,2022-08-16 23:35:46,4.25,103.4167,75.15,89,71,4.09
535,Pskov,RU,2022-08-16 23:35:46,57.8136,28.3496,66.11,94,0,4.47
536,Colares,PT,2022-08-16 23:35:47,38.7992,-9.4469,67.75,70,1,24.0
537,Sungaipenuh,ID,2022-08-16 23:35:48,-2.0833,101.3833,64.38,94,80,2.91
538,Kodinsk,RU,2022-08-16 23:35:48,58.6881,99.1844,51.33,95,100,8.25
539,Hoquiam,US,2022-08-16 23:35:49,46.9809,-123.8893,84.85,66,0,12.66
540,Ouahigouya,BF,2022-08-16 23:35:49,13.5828,-2.4216,74.5,90,100,7.85
541,Paita,PE,2022-08-16 23:35:50,-5.0892,-81.1144,63.82,83,6,15.48
542,Olafsvik,IS,2022-08-16 23:35:07,64.8945,-23.7142,50.11,85,92,20.04
543,Strezhevoy,RU,2022-08-16 23:33:17,60.7333,77.5889,47.57,97,100,6.64
544,Dehloran,IR,2022-08-16 23:35:50,32.6941,47.2679,99.86,8,60,6.64
545,Suoyarvi,RU,2022-08-16 23:35:51,62.0833,32.35,63.77,77,81,3.42
546,Rudnya,RU,2022-08-16 23:35:51,54.947,31.0934,62.11,77,97,7.81
547,Tautira,PF,2022-08-16 23:35:52,-17.7333,-149.15,73.29,91,100,13.73
548,Kapit,MY,2022-08-16 23:35:52,2.0167,112.9333,76.01,95,75,0.92
549,Vila Do Maio,CV,2022-08-16 23:35:53,15.1333,-23.2167,81.39,79,28,15.43
550,Alofi,NU,2022-08-16 23:33:11,-19.0595,-169.9187,78.69,50,40,26.46
551,Taksimo,RU,2022-08-16 23:34:18,56.3444,114.8794,54.66,78,32,0.74
552,Balykshi,KZ,2022-08-16 23:35:54,47.0667,51.8667,78.8,24,0,6.71
553,Gorontalo,ID,2022-08-16 23:33:05,0.5412,123.0595,76.14,81,100,2.24
554,Mahon,ES,2022-08-16 23:36:55,39.8885,4.2658,81.16,83,20,11.5
555,Dingle,PH,2022-08-16 23:33:03,10.9995,122.6711,80.69,82,100,7.61
556,Merauke,ID,2022-08-16 23:34:16,-8.4667,140.3333,79.23,69,32,12.33
557,Lethem,GY,2022-08-16 23:36:55,3.3803,-59.7968,79.45,71,65,6.11
558,Otradnoye,RU,2022-08-16 23:36:56,59.7775,30.8181,71.96,75,36,5.55
559,Bocas Del Toro,PA,2022-08-16 23:36:56,9.3333,-82.25,80.6,73,75,3.27
560,Puerto Escondido,MX,2022-08-16 23:36:56,15.85,-97.0667,83.23,65,40,4.61
561,Ilabaya,PE,2022-08-16 23:36:57,-17.4208,-70.5133,61.9,52,75,1.52
562,Kungurtug,RU,2022-08-16 23:36:30,50.5994,97.5228,45.55,72,1,0.89
563,Bay Roberts,CA,2022-08-16 23:36:34,47.5999,-53.2648,61.34,95,100,5.01
564,Ust-Nera,RU,2022-08-16 23:35:17,64.5667,143.2,63.7,56,83,4.16
565,Savalou,BJ,2022-08-16 23:36:58,7.9281,1.9756,68.88,94,68,4.61
566,Anori,BR,2022-08-16 23:36:58,-3.7728,-61.6442,79.97,67,68,2.1
567,Biak,ID,2022-08-16 23:36:58,-0.9131,122.8766,76.86,75,100,7.05
568,Augusto Correa,BR,2022-08-16 23:36:59,-1.0217,-46.635,75.87,88,12,4.32
569,Derzhavinsk,KZ,2022-08-16 23:36:59,51.1,66.3167,54.72,55,0,5.75
570,Buraydah,SA,2022-08-16 23:33:41,26.326,43.975,93.65,18,4,8.77
571,Atar,MR,2022-08-16 23:35:55,20.5169,-13.0499,95.0,30,37,5.32
572,Mumbwa,ZM,2022-08-16 23:37:00,-14.9783,27.0619,60.82,63,5,6.2
573,Fomboni,KM,2022-08-16 23:37:00,-12.28,43.7425,75.58,79,26,12.33
574,Trairi,BR,2022-08-16 23:32:54,-3.2778,-39.2689,77.32,78,12,13.06
575,Bitung,ID,2022-08-16 23:37:01,1.4451,125.1824,72.45,81,100,6.33
576,Pudur,IN,2022-08-16 23:37:01,13.0,79.15,76.93,82,52,3.18
577,Mashhad,IR,2022-08-16 23:37:02,36.297,59.6062,71.74,43,0,4.61
578,Lais,PH,2022-08-16 23:37:02,6.3328,125.6464,78.55,85,100,6.44
579,Udachnyy,RU,2022-08-16 23:33:43,66.4167,112.4,50.45,93,100,16.69
580,Yarim,YE,2022-08-16 23:37:03,14.298,44.3779,60.8,71,81,3.94
581,Kirakira,SB,2022-08-16 23:37:03,-10.4544,161.9205,84.0,71,23,10.13
582,Lagos,NG,2022-08-16 23:34:35,6.5833,3.75,75.52,88,91,1.9
583,Atarra,IN,2022-08-16 23:37:04,25.2833,80.5667,78.82,84,9,4.81
